{"cameraMode":{"drawMode":0,"name":"Shaded","section":"Shading Mode"},"sceneLighting":false,"audioPlay":false,"sceneViewState":{"m_AlwaysRefresh":false,"showFog":true,"showSkybox":false,"showFlares":true,"showImageEffects":true,"showParticleSystems":true,"showVisualEffectGraphs":true,"m_FxEnabled":true},"in2DMode":false,"pivot":{"x":-0.33696842193603518,"y":-0.28190934658050539,"z":-5.4840593338012699},"rotation":{"x":-0.23403508961200715,"y":-0.40305396914482119,"z":0.10735078155994415,"w":-0.8782558441162109},"size":1.5932250022888184,"orthographic":false}