{"cameraMode":{"drawMode":0,"name":"Shaded","section":"Shading Mode"},"sceneLighting":false,"audioPlay":false,"sceneViewState":{"m_AlwaysRefresh":false,"showFog":true,"showSkybox":false,"showFlares":true,"showImageEffects":true,"showParticleSystems":true,"showVisualEffectGraphs":true,"m_FxEnabled":true},"in2DMode":false,"pivot":{"x":-1.147476315498352,"y":-4.170992851257324,"z":0.8980376720428467},"rotation":{"x":-0.24876800179481507,"y":-0.007015291601419449,"z":0.0017834488535299898,"w":-0.968578040599823},"size":5.705949783325195,"orthographic":false}